name,email,year,month,day
Test,test@email.com,1961,12,21
[Fill this in!]Usman,abuzaydin007@gmail.com,2022,8,29
Usman,abuzaydin007@gmail.com,2022,8,29
MUM,abuzaydin007@gmail.com,2022,8,29
MUM,abuzaydin007@gmail.com,2022,8,29
MUM,abuzaydin007@gmail.com,2022,8,29
MUM,abuzaydin007@gmail.com,2022,8,30
MUM,abuzaydin007@gmail.com,2022,8,30
MUM,abuzaydin007@gmail.com,2022,8,30
MUM,abuzaydin007@gmail.com,2022,8,30
MUM,abuzaydin007@gmail.com,2022,8,30
MUM,abuzaydin007@gmail.com,2022,8,30
MUM,abuzaydin007@gmail.com,2022,8,30
MUM,abuzaydin007@gmail.com,2022,8,30
MUM,abuzaydin007@gmail.com,2022,8,30
MUM,abuzaydin007@gmail.com,2022,8,30
MUM,abuzaydin007@gmail.com,2022,8,30
MUM,abuzaydin007@gmail.com,2022,8,30
MUM,abuzaydin007@gmail.com,2022,8,30
MUM,abuzaydin007@gmail.com,2022,8,30
